A,Label,BARCODE
@52070900777209100209406331451825.CEL,0.910222595,@52070900777209100209406331451827
@52070900777209100209406331451827.CEL,0.819914463,@52070900777209100209406331451844
@52070900777209100209406331451844.CEL,0.676532443,@52070900777210100209406331451864
@52070900777210100209406331451864.CEL,1.072746734,@52070900777210100209406331451879
@52070900777210100209406331451879.CEL,0.843530916,@52070900777210100209406331451886
@52070900777210100209406331451881.CEL,1.062634946,@52070900777210100209406331451887
@52070900777210100209406331451886.CEL,0.82557001,@52070900777212100209406331452004
@52070900777210100209406331451887.CEL,0.788482537,@52070900778272101109406332761638
@52070900777212100209406331452004.CEL,0.912789715,@52070900778729031410407112639302
@52070900777216100409406332354721.CEL,0.689619534,@52070900778731031410407112639395
@52070900778271101109406332761599.CEL,0.786966442,@52070900778731031410407112639413
@52070900778271101109406332761627.CEL,0.950038595,@52070900778732031410407112639453
@52070900778272101109406332761638.CEL,0.479579048,@52070900779514091810408277954841
@52070900778729031410407112639302.CEL,0.95463133,@52070900779805082409406072308419
@52070900778729031410407112639310.CEL,0.686405647,@52070900779805082409406072308423
@52070900778730031410407112639366.CEL,1.14253725,@52070900779805082409406072308449
@52070900778731031410407112639395.CEL,0.856252567,@52070900779805082409406072308461
@52070900778731031410407112639413.CEL,0.732794004,@52070900779806082409406072308476
@52070900778732031410407112639453.CEL,0.771919473,@52070900779806082409406072308505
@52070900778732031410407112639457.CEL,0.88823723,@52070900779807082409406072308722
@52070900778732031410407112639490.CEL,0.839533349,@52070900779811082409406071909258
@52070900779514091810408277954841.CEL,0.808729199,@52070900779811082409406071909264
@52070900779805082409406072308403.CEL,0.88178056,@52070900779811082409406071909266
@52070900779805082409406072308419.CEL,0.875179969,@52070900779811082409406071909276
@52070900779805082409406072308423.CEL,0.899695542,@52070900779811082409406071909278
@52070900779805082409406072308434.CEL,1.127469396,@52070900779811082409406071909282
@52070900779805082409406072308441.CEL,0.91603415,@52070900779811082409406071909285
@52070900779805082409406072308449.CEL,0.985752007,@52070900779811082409406071909294
@52070900779805082409406072308460.CEL,0.806185127,@52070900779811082409406071909295
@52070900779805082409406072308461.CEL,1.041678207,@52070900779812082409406071909321
@52070900779806082409406072308467.CEL,1.111518639,@52070900779812082409406071909322
@52070900779806082409406072308476.CEL,0.735187676,@52070900779812082409406071909331
@52070900779806082409406072308478.CEL,0.970018683,@52070900779812082409406071909334
@52070900779806082409406072308495.CEL,1.065247218,@52070900779812082409406071909338
@52070900779806082409406072308499.CEL,0.744528386,@52070900779812082409406071909339
@52070900779806082409406072308505.CEL,0.712809715,@52070900779812082409406071909348
@52070900779806082409406072308512.CEL,1.10320865,@52070900779812082409406071909350
@52070900779807082409406072308722.CEL,0.895371934,@52070900779812082409406071909358
@52070900779807082409406072308732.CEL,0.999135398,@52070900779812082409406071909360
@52070900779809082409406071909143.CEL,0.753920744,@52070900779938082209406071606526
@52070900779809082409406071909148.CEL,0.880552729,@52070900779938082209406071606539
@52070900779809082409406071909168.CEL,1.007293117,@52070900779938082209406071606559
@52070900779811082409406071909258.CEL,0.753626972,@52070900779940082209406071606644
@52070900779811082409406071909259.CEL,0.854481845,@52070900779942082209406071606702
@52070900779811082409406071909261.CEL,0.760406917,@52070900779942082209406071606712
@52070900779811082409406071909262.CEL,1.168993186,@52070900780154082209406072106821
@52070900779811082409406071909264.CEL,0.709187339,@52070900780154082209406072106826
@52070900779811082409406071909266.CEL,0.671063113,@52070900780154082209406072106830
@52070900779811082409406071909271.CEL,0.881655906,@52070900780154082209406072106863
@52070900779811082409406071909276.CEL,0.824611452,@52070900780154082209406072106866
@52070900779811082409406071909278.CEL,1.08450897,@52070900780155082209406072106888
@52070900779811082409406071909279.CEL,0.941857992,@52070900780155082209406072106900
@52070900779811082409406071909282.CEL,0.980879636,@52070900780606100409406331354474
@52070900779811082409406071909285.CEL,0.959727464,@52070900780607100409406331354515
@52070900779811082409406071909294.CEL,0.816166235,@52070900780607100409406331354520
@52070900779811082409406071909295.CEL,0.815050341,@52070900780607100409406331354527
@52070900779811082409406071909297.CEL,0.888124789,@52070900780607100409406331354550
@52070900779811082409406071909300.CEL,0.750973812,@52070900780608100409406331354632
@52070900779812082409406071909319.CEL,0.894859261,@52070900780608100409406331354650
@52070900779812082409406071909321.CEL,0.972860944,@52070900780608100409406331354667
@52070900779812082409406071909322.CEL,0.983549824,@52070900780617100509406331655438
@52070900779812082409406071909331.CEL,0.848095037,@52070900780617100509406331655443
@52070900779812082409406071909334.CEL,0.986689779,@52070900782076012810406842829950
@52070900779812082409406071909336.CEL,1.045879113,@52070900782077012810406842829983
@52070900779812082409406071909338.CEL,0.897289968,@52070900782077012810406842830003
@52070900779812082409406071909339.CEL,0.683120997,@52070900782080012110406842727464
@52070900779812082409406071909348.CEL,0.876372915,@52070900782082012110406842727583
@52070900779812082409406071909350.CEL,0.819140668,@52070900782082012110406842727595
@52070900779812082409406071909354.CEL,0.870202381,@52070900782082012110406842727603
@52070900779812082409406071909358.CEL,1.021560337,@52070900782662072010407829805063
@52070900779812082409406071909360.CEL,0.959322602,@52070900782662072010407829805076
@52070900779938082209406071606522.CEL,0.826640329,@52070900782663072010407829805149
@52070900779938082209406071606526.CEL,1.048288525,@52070900782674072110407829906291
@52070900779938082209406071606530.CEL,0.981611396,@52070900782781111009406472888769
@52070900779938082209406071606539.CEL,0.787143883,@52070900782781111009406472888797
@52070900779938082209406071606552.CEL,0.619419358,@52070900782938031310407112133348
@52070900779938082209406071606559.CEL,0.864616593,@52070900782938031310407112133380
@52070900779939082209406071606594.CEL,0.673251293,@52070900783434082609406072010605
@52070900779939082209406071606605.CEL,0.904575391,@52070900783434082609406072010609
@52070900779939082209406071606612.CEL,0.879864696,@52070900783436082609406072010710
@52070900779940082209406071606643.CEL,0.871107763,@52070900783439082609406072510335
@52070900779940082209406071606644.CEL,0.88507106,@52070900783439082609406072510347
@52070900779940082209406071606672.CEL,1.050537722,@52070900783439082609406072510353
@52070900779942082209406071606702.CEL,1.078988094,@52070900783439082609406072510358
@52070900779942082209406071606710.CEL,0.904853175,@52070900783439082609406072510367
@52070900779942082209406071606712.CEL,1.03186144,@52070900783439082609406072510375
@52070900779942082209406071606723.CEL,0.899737321,@52070900783441082609406072010759
@52070900779942082209406071606727.CEL,0.792550929,@52070900783441082609406072010773
@52070900779942082209406071606734.CEL,1.057776288,@52070900783441082609406072010780
@52070900779942082209406071606739.CEL,0.857692764,@52070900783441082609406072010787
@52070900779942082209406071606747.CEL,1.128304842,@52070900783775031410407112442031
@52070900780154082209406072106821.CEL,0.899618963,@52070900783775031410407112442058
@52070900780154082209406072106823.CEL,0.738971223,@52070900783775031410407112442071
@52070900780154082209406072106826.CEL,0.905751808,@52070900783777031410407112442179
@52070900780154082209406072106827.CEL,0.755964959,@52070900783778031410407112442211
@52070900780154082209406072106828.CEL,0.918644744,@52070900783780031310407112538851
@52070900780154082209406072106830.CEL,0.667098438,@52070900783825103109406473080155
@52070900780154082209406072106838.CEL,0.782653193,@52070900783828110509406473287034
@52070900780154082209406072106863.CEL,0.644466791,@52070900784115110509406473287071
@52070900780154082209406072106866.CEL,0.889645304,@52070900784115110509406473287077
@52070900780155082209406072106885.CEL,0.892750602,@52070900784115110509406473287082
@52070900780155082209406072106888.CEL,0.820278484,@52070900784115110509406473287086
@52070900780155082209406072106891.CEL,0.950782553,@52070900784115110509406473287098
@52070900780155082209406072106893.CEL,0.722019583,@52070900784116110509406473287132
@52070900780155082209406072106900.CEL,0.849574483,@52070900784137103109406472579849
@52070900780155082209406072106904.CEL,1.040164146,@52070900784137103109406472579850
@52070900780155082209406072106910.CEL,0.772030627,@52070900784139103109406472579985
@52070900780155082209406072106927.CEL,1.116696798,@52070900784139103109406472580008
@52070900780606100409406331354474.CEL,0.900445243,@52070900784149110509406473684733
@52070900780607100409406331354515.CEL,0.728152349,@52070900784149110509406473684734
@52070900780607100409406331354520.CEL,0.787360389,@52070900784149110509406473684758
@52070900780607100409406331354521.CEL,0.950889277,@52070900784149110509406473684762
@52070900780607100409406331354527.CEL,1.120479488,@52070900784151110509406473684841
@52070900780607100409406331354548.CEL,0.867903212,@52070900784151110509406473684845
@52070900780607100409406331354550.CEL,0.900588893,@52070900784151110509406473684848
@52070900780608100409406331354625.CEL,0.947088357,@52070900784151110509406473684851
@52070900780608100409406331354627.CEL,1.167882596,@52070900784151110509406473684867
@52070900780608100409406331354632.CEL,0.709676374,@52070900784151110509406473684884
@52070900780608100409406331354634.CEL,0.710516038,@52070900784152110509406473684935
@52070900780608100409406331354636.CEL,0.924335566,@52070900784472090310408220037450
@52070900780608100409406331354637.CEL,0.668218203,@52070900786099090510408220943384
@52070900780608100409406331354639.CEL,0.791154098,@52070900786105090510408220943501
@52070900780608100409406331354646.CEL,0.757433899,@52070900786523090510408221043648
@52070900780608100409406331354650.CEL,0.912386413,@52070900796424030610407095401546
@52070900780608100409406331354667.CEL,0.701484294,@52070900796425030610407095401600
@52070900780608100409406331354670.CEL,0.830564011,@52070900796884030610407095801717
@52070900780617100509406331655438.CEL,0.865668731,@52070900796934030810407096011645
@52070900780617100509406331655443.CEL,0.791294214,@52070900796934030810407096011659
@52070900780617100509406331655454.CEL,0.834045697,@52070900796934030810407096011676
@52070900780617100509406331655463.CEL,0.91998978,@52070900796935030810407096011713
@52070900780617100509406331655471.CEL,0.952043493,@52070900796943030810407110111958
@52070900781747012110406842626945.CEL,1.014491171,@52070900796943030810407110111960
@52070900782076012810406842829950.CEL,0.881298949,@52070900796943030810407110111966
@52070900782077012810406842829964.CEL,0.773440156,@52070900796944030810407110212242
@52070900782077012810406842829977.CEL,0.851788029,@52070900796944030810407110212267
@52070900782077012810406842829983.CEL,0.853759745,@52070900796944030810407110212271
@52070900782077012810406842830003.CEL,1.058106568,@52070900797037031010407111021214
@52070900782077012810406842830007.CEL,0.846722317,@52070900797046031110407111125520
@52070900782077012810406842830011.CEL,0.768906176,@52070900797046031110407111125542
@52070900782078012810406842830026.CEL,0.772838277,@52070900797047031110407111125566
@52070900782078012810406842830031.CEL,1.071290367,@52070900797047031110407111125568
@52070900782080012110406842727464.CEL,0.886775894,@52070900797047031110407111125572
@52070900782080012110406842727486.CEL,0.889637212,@52070900797047031110407111125576
@52070900782080012110406842727488.CEL,0.912272445,@52070900797047031110407111125581
@52070900782082012110406842727583.CEL,0.801852809,@52070900797047031110407111125606
@52070900782082012110406842727595.CEL,0.78174711,@52070900797064031110407111325062
@52070900782082012110406842727603.CEL,0.898613615,@52070900797065031110407111325082
@52070900782662072010407829805063.CEL,0.877620673,@52070900797065031110407111325084
@52070900782662072010407829805076.CEL,0.782215808,@52070900797065031110407111325121
@52070900782663072010407829805121.CEL,0.763209867,@52070900797065031110407111325123
@52070900782663072010407829805149.CEL,1.02818152,@52070900799945052410407590899308
@52070900782674072110407829906291.CEL,0.770684705,@52070900799945052410407590899338
@52070900782675072110407829906351.CEL,0.795400148,@52070900800377052610407592008222
@52070900782676072110407829906403.CEL,0.925559443,@52070900803727091610408276656865
@52070900782781111009406472888764.CEL,0.989234952,@52070900803727091610408276656871
@52070900782781111009406472888769.CEL,0.750191603,@52070900803727091610408276656894
@52070900782781111009406472888797.CEL,0.877907145,@52070900803727091610408276656909
@52070900782781111009406472888799.CEL,0.77081476,@52070900803728091610408276656939
@52070900782781111009406472888808.CEL,0.972557763,@52070900803728091610408276656961
@52070900782782111009406472888860.CEL,1.01047241,@52070900803730091610408276656998
@52070900782901100909406332658569.CEL,0.991029702,@52070900803746091610408277057257
@52070900782938031310407112133348.CEL,1.01939514,@52070900803928091610408277446438
@52070900782938031310407112133380.CEL,0.876906305,@52070900803929090410408220338862
@52070900783311072110407830085384.CEL,0.643448454,@52070900803929090410408220338891
@52070900783434082609406072010605.CEL,1.023557698,@52070900803931090410408220339014
@52070900783434082609406072010609.CEL,1.046391629,@52070900803931090410408220339018
@52070900783436082609406072010710.CEL,1.078635681,@52070900803937090410408220439341
@52070900783437082609406072510308.CEL,0.663180907,@52070900803937090410408220439364
@52070900783439082609406072510335.CEL,0.861338736,@52070900803949090410408220539759
@52070900783439082609406072510336.CEL,0.83934288,@52070900803949090410408220539784
@52070900783439082609406072510339.CEL,0.877292398,@52070900803950090410408220539819
@52070900783439082609406072510347.CEL,0.932085787,@52070900803950090410408220539839
@52070900783439082609406072510353.CEL,0.941267151,@52070900805357120110408936771709
@52070900783439082609406072510354.CEL,0.996973816,@52070900805357120110408936771717
@52070900783439082609406072510358.CEL,0.936918384,@52070900805357120110408936771727
@52070900783439082609406072510367.CEL,0.781081569,@52070900805357120110408936771737
@52070900783439082609406072510375.CEL,1.063892757,@52070900805359120110408936771841
@52070900783441082609406072010757.CEL,0.985403939,@52070900805359120110408936771870
@52070900783441082609406072010759.CEL,0.915555147,@52070900805360120110408936771895
@52070900783441082609406072010761.CEL,1.01279454,@52070900805360120110408936771900
@52070900783441082609406072010769.CEL,1.110610347,@52070900805360120110408936771928
@52070900783441082609406072010773.CEL,1.024039983,@52070900805429120210408936576571
@52070900783441082609406072010780.CEL,1.087030733,@52070900805431120210408936576666
@52070900783441082609406072010787.CEL,0.76170945,@52070900805431120210408936576670
@52070900783775031410407112442029.CEL,0.775446634,@52070900805431120210408936576706
@52070900783775031410407112442031.CEL,0.833677298,@52070900805501120410408937282532
@52070900783775031410407112442038.CEL,1.205029742,@52070900805502120410408937282604
@52070900783775031410407112442055.CEL,0.703296263,@52070900805504120410408937282687
@52070900783775031410407112442058.CEL,0.888655037,@52070900809142120310408937079549
@52070900783775031410407112442061.CEL,1.066503426,@52070900809142120310408937079571
@52070900783775031410407112442068.CEL,1.054753757,@52070900809143120310408937079596
@52070900783775031410407112442069.CEL,0.906632659,@52070900809143120310408937079604
@52070900783775031410407112442071.CEL,0.942739203,@52070900809143120310408937079616
@52070900783775031410407112442076.CEL,0.850396747,@52070900809145120310408937079745
@52070900783777031410407112442178.CEL,1.11191607,@52070900810482010711409335893659
@52070900783777031410407112442179.CEL,0.667395072,@52070900810525010811409336195658
@52070900783778031410407112442211.CEL,0.883443312,@52070900810544010911409336378028
@52070900783779031310407112538788.CEL,0.728791507,@52070900900293011811409421107508
@52070900783780031310407112538851.CEL,0.77254571,@52070900900295011811409421107769
@52070900783780031310407112538879.CEL,0.861813282,@52070900901210011911409421311097
@52070900783780031310407112538882.CEL,0.965113239,@52070900901210011911409421311117
@52070900783825103109406473080155.CEL,0.978184339,@52070900901210011911409421311128
@52070900783828110509406473287034.CEL,0.856245661,@52070900901210011911409421311133
@52070900784115110509406473287070.CEL,0.72094652,@52070900901211011911409421311168
@52070900784115110509406473287071.CEL,1.010668523,@52070900905238050711410471856462
@52070900784115110509406473287076.CEL,0.823310208,@52070900905240050711410471856574
@52070900784115110509406473287077.CEL,0.750958796,@52070900905241050711410471856618
@52070900784115110509406473287081.CEL,1.044270395,@52070900905245050811410472058629
@52070900784115110509406473287082.CEL,0.717282167,@52070900905245050811410472058630
@52070900784115110509406473287085.CEL,0.776078212,@52070900905246050811410472058679
@52070900784115110509406473287086.CEL,0.839647414,@52070900905250050811410472058824
@52070900784115110509406473287091.CEL,0.955451071,@52070900905253050811410471959019
@52070900784115110509406473287098.CEL,1.077389064,@52070900905254050811410471959065
@52070900784115110509406473287099.CEL,0.830334246,@52070900905297060611410661519143
@52070900784116110509406473287132.CEL,0.858135838,@52070900905297060611410661519154
@52070900784137103109406472579849.CEL,0.836696525,@52070900905298060611410661519195
@52070900784137103109406472579850.CEL,0.818308889,@52070900905298060611410661519207
@52070900784137103109406472579868.CEL,0.823956262,@52070900905299060611410661519242
@52070900784138103109406472579926.CEL,0.870208781,@52070900905299060611410661519245
@52070900784138103109406472579928.CEL,0.65359982,@52070900905300060611410661519298
@52070900784139103109406472579985.CEL,0.709717002,@52070900905305060711410661620335
@52070900784139103109406472579989.CEL,0.823216719,@52070900905305060711410661620352
@52070900784139103109406472580008.CEL,0.967331481,@52070900905305060711410661620357
@52070900784139103109406472580011.CEL,1.062532055,@52070900905306060711410661620431
@52070900784139103109406472580014.CEL,1.04751162,@52070900905306060711410661620436
@52070900784149110509406473684733.CEL,0.830663256,@52070900905307060711410661620450
@52070900784149110509406473684734.CEL,0.926671743,@52070900905307060711410661620464
@52070900784149110509406473684743.CEL,0.939023647,@52070900905307060711410661620467
@52070900784149110509406473684755.CEL,0.937169554,@52070900905307060711410661620477
@52070900784149110509406473684758.CEL,0.904839697,@52070900905307060711410661620478
@52070900784149110509406473684759.CEL,0.927607257,@52070900905307060711410661620487
@52070900784149110509406473684762.CEL,0.970476062,@52070900905307060711410661620491
@52070900784151110509406473684841.CEL,0.8848916,@52070900905308060611410661419352
@52070900784151110509406473684842.CEL,0.908807335,@52070900905308060611410661419382
@52070900784151110509406473684843.CEL,1.025113053,@52070900905309060611410661419414
@52070900784151110509406473684845.CEL,1.060368979,@52070900905309060611410661419430
@52070900784151110509406473684846.CEL,0.91197752,@52070900905311060611410661419545
@52070900784151110509406473684848.CEL,0.712785223,@52070900905311060611410661419549
@52070900784151110509406473684851.CEL,0.954243543,@52070900905312060711410661620644
@52070900784151110509406473684852.CEL,0.774575136,@52070900905312060711410661620648
@52070900784151110509406473684856.CEL,0.939761252,@52070900905312060711410661620654
@52070900784151110509406473684867.CEL,0.903913672,@52070900905312060711410661620657
@52070900784151110509406473684871.CEL,0.892675163,@52070900905312060711410661620667
@52070900784151110509406473684873.CEL,0.822729242,@52070900905312060711410661620671
@52070900784151110509406473684874.CEL,0.72297152,@52070900905312060711410661620676
@52070900784151110509406473684884.CEL,1.011674783,@52070900905329053111410586109677
@52070900784152110509406473684908.CEL,0.986003772,@52070900905329053111410586109693
@52070900784152110509406473684935.CEL,0.79241429,@52070900905332053111410586109723
@52070900784469090310408220037271.CEL,0.72553458,@52070900905334053111410586109863
@52070900784470090310408220037335.CEL,0.830452201,@52070900905407060711410661721336
@52070900784471090310408220037414.CEL,0.898399969,@52070900905407060711410661721365
@52070900784472090310408220037445.CEL,0.939433187,@52070900905407060711410661721377
@52070900784472090310408220037446.CEL,0.492749506,@52070900905408060711410661721535
@52070900784472090310408220037450.CEL,0.883021064,@52070900905409060711410661721627
@52070900784472090310408220037476.CEL,0.749567674,@52070900905419060811410662722868
@52070900786099090510408220943341.CEL,0.872296784,@52070900905421060811410662722958
@52070900786099090510408220943375.CEL,0.965060226,@52070900905421060811410662722968
@52070900786099090510408220943384.CEL,0.908220968,@52070900905427060811410673723152
@52070900786100090510408220943401.CEL,0.740946229,@52070900905432060811410673823701
@52070900786100090510408220943412.CEL,0.68753507,@52070900905432060811410673823715
@52070900786100090510408220943424.CEL,1.074474703,@52070900905432060811410673823720
@52070900786105090510408220943459.CEL,0.778146777,@52070900905432060811410673823721
@52070900786105090510408220943494.CEL,0.739784575,@52070900905480050611410471655666
@52070900786105090510408220943501.CEL,0.814244773,@52070900905482050611410471655716
@52070900786105090510408220943512.CEL,0.970199298,@52070900905482050611410471655724
@52070900786523090510408221043643.CEL,0.549758731,@52070900905482050611410471655725
@52070900786523090510408221043648.CEL,0.93952703,@52070900905482050611410471655734
@52070900786523090510408221043674.CEL,1.054136347,@52070900905486050611410471755914
@52070900796423030610407095401499.CEL,1.003861245,@52070900905486050611410471755927
@52070900796424030610407095401543.CEL,0.83882996,@52070900905488050611410471755946
@52070900796424030610407095401546.CEL,1.022368479,@52070900905603053011410585705813
@52070900796425030610407095401595.CEL,0.872426112,@52070900905614053111410585806199
@52070900796425030610407095401600.CEL,0.703328837,@52070900905616053111410585806256
@52070900796884030610407095801717.CEL,0.992137528,@52070900905617053111410585806327
@52070900796928030810407096011536.CEL,0.906797939,@52070900905619053111410585906665
@52070900796934030810407096011645.CEL,0.898796313,@52070900905619053111410585906689
@52070900796934030810407096011649.CEL,0.780500087,@52070900905620053111410585906740
@52070900796934030810407096011653.CEL,0.568139794,@52070900905620053111410585906743
@52070900796934030810407096011659.CEL,0.92301799,@52070900905621053111410585906805
@52070900796934030810407096011666.CEL,0.812922533,@52070900905625053111410586006957
@52070900796934030810407096011671.CEL,1.038100185,@52070900905643053011410585604613
@52070900796934030810407096011675.CEL,0.957393342,@52070900905644053011410585604647
@52070900796934030810407096011676.CEL,0.925259191,@52070900905644053011410585604662
@52070900796935030810407096011713.CEL,0.78754795,@52070900905657053011410585705647
@52070900796935030810407096011726.CEL,0.861374193,@52070900905669060611410661218210
@52070900796935030810407096011727.CEL,0.580048214,@52070900905681060611410661318655
@52070900796943030810407110111956.CEL,0.791424608,@52070900905683060611410661318774
@52070900796943030810407110111958.CEL,0.878192523,@52070900905683060611410661318780
@52070900796943030810407110111960.CEL,0.823106688,@52070900905683060611410661318781
@52070900796943030810407110111966.CEL,0.832831666,@52070900905684060611410661318856
@52070900796944030810407110212234.CEL,0.755805121,@52070900905687060811410673923927
@52070900796944030810407110212242.CEL,0.798793027,@52070900905687060811410673923962
@52070900796944030810407110212246.CEL,0.820873767,@52070900905688060811410673924068
@52070900796944030810407110212267.CEL,0.826677687,@52070900905704060911410674124877
@52070900796944030810407110212271.CEL,1.141758494,@52070900905707060911410674125043
@52070900796944030810407110212275.CEL,0.593017287,@52070900905707060911410674125068
@52070900797037031010407111021214.CEL,0.81753871,@52070900905858061611410745839157
@52070900797046031110407111125520.CEL,0.960018354,@52070900905858061611410745839178
@52070900797046031110407111125527.CEL,0.871705494,@52070900905860061611410745839298
@52070900797046031110407111125542.CEL,0.751576173,@52070900905861061611410745839354
@52070900797047031110407111125561.CEL,0.799218481,@52070900905861061611410745839357
@52070900797047031110407111125566.CEL,0.606143034,@52070900905870061711410746039887
@52070900797047031110407111125568.CEL,1.005998659,@52070900905876061711410746140316
@52070900797047031110407111125572.CEL,0.780707008,@52070900905901061911410746344813
@52070900797047031110407111125576.CEL,0.877958286,@52070900905906061911410746746165
@52070900797047031110407111125581.CEL,0.838798134,@52070900905906061911410746746194
@52070900797047031110407111125587.CEL,1.027093771,@52070900905909061911410746746367
@52070900797047031110407111125606.CEL,0.988975553,@52070900906409063011410840580564
@52070900797049031110407111125686.CEL,0.971494089,@52070900906409063011410840580581
@52070900797049031110407111125689.CEL,0.672875887,@52070900906412070111410840680887
@52070900797064031110407111325062.CEL,0.948223733,@52070900906414070111410840680971
@52070900797064031110407111325066.CEL,0.611789597,@52070900906415070111410840681044
@52070900797065031110407111325082.CEL,0.953240955,@52070900906419070111410840781210
@52070900797065031110407111325084.CEL,0.717944803,@52070900906419070111410840781213
@52070900797065031110407111325107.CEL,0.776492641,@52070900906419070111410840781241
@52070900797065031110407111325121.CEL,0.940339774,@52070900906428070111410840982257
@52070900797065031110407111325123.CEL,0.778214045,@52070900906428070111410840982284
@52070900799945052410407590899308.CEL,1.104706341,@52070900906428070111410840982287
@52070900799945052410407590899338.CEL,0.909717649,@52070900906429070111410840982312
@52070900800372052610407591208524.CEL,0.620092592,@52070900906430070111410840982409
@52070900800377052610407592008222.CEL,0.917742697,@52070900906506070211410841083838
@52070900803727091610408276656865.CEL,1.04423878,@52070900906523070211410841285744
@52070900803727091610408276656871.CEL,0.928732783,@52070900906534070311410841487157
@52070900803727091610408276656894.CEL,0.777504556,@52070900906534070311410841487193
@52070900803727091610408276656909.CEL,0.922080278,@52070900908371090711411361296484
@52070900803728091610408276656939.CEL,0.750194417,@52070900908372090711411361296557
@52070900803728091610408276656961.CEL,0.797965406,@52070900908377090811411361396854
@52070900803730091610408276656998.CEL,0.708854876,@52070900908379090811411361396942
@52070900803730091610408276657018.CEL,1.063304246,@52070900908380090811411361397041
@52070900803746091610408277057257.CEL,0.908588652,@52070900908407090911411361598785
@52070900803928091610408277446438.CEL,0.855361127,@52070900908407090911411361598805
@52070900803929090410408220338862.CEL,0.862752213,@52070900910049111411412086664470
@52070900803929090410408220338891.CEL,0.811822114,@52070900910054111411412086464990
@52070900803929090410408220338906.CEL,0.881832515,@52070900910054111411412086465003
@52070900803931090410408220338990.CEL,0.948168911,@52070900910057111411412086465158
@52070900803931090410408220339014.CEL,0.926552667,
@52070900803931090410408220339018.CEL,0.793005107,
@52070900803937090410408220439335.CEL,0.988035562,
@52070900803937090410408220439341.CEL,0.750384537,
@52070900803937090410408220439364.CEL,1.00974502,
@52070900803947090410408220539641.CEL,0.887333243,
@52070900803949090410408220539759.CEL,0.876445657,
@52070900803949090410408220539784.CEL,1.04529248,
@52070900803950090410408220539819.CEL,0.781471981,
@52070900803950090410408220539839.CEL,0.924391488,
@52070900805357120110408936771709.CEL,0.67990454,
@52070900805357120110408936771717.CEL,0.857957275,
@52070900805357120110408936771727.CEL,0.941041744,
@52070900805357120110408936771731.CEL,0.725463266,
@52070900805357120110408936771737.CEL,0.883130962,
@52070900805359120110408936771841.CEL,0.873503999,
@52070900805359120110408936771870.CEL,0.722032153,
@52070900805360120110408936771895.CEL,0.859494513,
@52070900805360120110408936771900.CEL,0.894533147,
@52070900805360120110408936771928.CEL,0.780218125,
@52070900805429120210408936576551.CEL,0.974258424,
@52070900805429120210408936576567.CEL,0.74876522,
@52070900805429120210408936576571.CEL,0.706147267,
@52070900805431120210408936576666.CEL,0.791067481,
@52070900805431120210408936576670.CEL,0.64493556,
@52070900805431120210408936576706.CEL,0.804198319,
@52070900805431120210408936576708.CEL,0.999091471,
@52070900805433120210408936576741.CEL,0.584300395,
@52070900805434120310408936677043.CEL,0.650765235,
@52070900805501120410408937282532.CEL,0.930902533,
@52070900805502120410408937282604.CEL,0.85432613,
@52070900805503120410408937282667.CEL,0.968279999,
@52070900805504120410408937282687.CEL,1.1244192,
@52070900809142120310408937079549.CEL,1.068851547,
@52070900809142120310408937079571.CEL,0.800267033,
@52070900809143120310408937079596.CEL,0.914571842,
@52070900809143120310408937079604.CEL,0.94140077,
@52070900809143120310408937079616.CEL,0.804152708,
@52070900809145120310408937079745.CEL,1.011030742,
@52070900810482010711409335893659.CEL,0.880243588,
@52070900810520010811409336195584.CEL,1.087065543,
@52070900810520010811409336195606.CEL,0.546135807,
@52070900810525010811409336195658.CEL,0.649203774,
@52070900810544010911409336378028.CEL,0.796665687,
@52070900900293011811409421107508.CEL,0.939477757,
@52070900900293011811409421107526.CEL,0.81840152,
@52070900900293011811409421107535.CEL,0.949632491,
@52070900900294011811409421107581.CEL,0.63803196,
@52070900900295011811409421107765.CEL,0.879021413,
@52070900900295011811409421107769.CEL,0.686739015,
@52070900901210011911409421311097.CEL,0.833282524,
@52070900901210011911409421311117.CEL,0.690064205,
@52070900901210011911409421311128.CEL,0.650326609,
@52070900901210011911409421311133.CEL,0.807034396,
@52070900901210011911409421311134.CEL,1.187539166,
@52070900901211011911409421311168.CEL,0.724330697,
@52070900905238050711410471856462.CEL,0.89570142,
@52070900905239050711410471856516.CEL,0.746996453,
@52070900905239050711410471856543.CEL,0.97925602,
@52070900905240050711410471856574.CEL,0.791915311,
@52070900905241050711410471856618.CEL,0.714499795,
@52070900905245050811410472058629.CEL,0.764575056,
@52070900905245050811410472058630.CEL,0.721456362,
@52070900905246050811410472058679.CEL,0.702826349,
@52070900905250050811410472058779.CEL,1.031963312,
@52070900905250050811410472058824.CEL,0.813887556,
@52070900905251050811410471958898.CEL,0.91686701,
@52070900905253050811410471958981.CEL,1.097159963,
@52070900905253050811410471959019.CEL,0.858687578,
@52070900905254050811410471959065.CEL,0.815755509,
@52070900905297060611410661519115.CEL,0.782400866,
@52070900905297060611410661519123.CEL,0.888562881,
@52070900905297060611410661519139.CEL,0.753486599,
@52070900905297060611410661519143.CEL,0.66916787,
@52070900905297060611410661519154.CEL,0.867810276,
@52070900905298060611410661519195.CEL,0.980794552,
@52070900905298060611410661519199.CEL,0.886501836,
@52070900905298060611410661519207.CEL,0.726014934,
@52070900905299060611410661519242.CEL,0.738792117,
@52070900905299060611410661519245.CEL,0.903879907,
@52070900905299060611410661519259.CEL,0.863909494,
@52070900905300060611410661519298.CEL,0.796987756,
@52070900905300060611410661519329.CEL,1.021661298,
@52070900905300060611410661519335.CEL,0.944088236,
@52070900905305060711410661620332.CEL,0.908277494,
@52070900905305060711410661620335.CEL,0.752706684,
@52070900905305060711410661620338.CEL,0.839249082,
@52070900905305060711410661620349.CEL,0.89765102,
@52070900905305060711410661620352.CEL,0.831314015,
@52070900905305060711410661620357.CEL,0.772576093,
@52070900905305060711410661620358.CEL,0.718754504,
@52070900905305060711410661620377.CEL,0.85915072,
@52070900905306060711410661620395.CEL,1.077694711,
@52070900905306060711410661620422.CEL,0.93637359,
@52070900905306060711410661620426.CEL,0.962535628,
@52070900905306060711410661620429.CEL,0.916558294,
@52070900905306060711410661620431.CEL,0.828427182,
@52070900905306060711410661620436.CEL,0.83576738,
@52070900905306060711410661620437.CEL,0.632344541,
@52070900905307060711410661620450.CEL,0.972787113,
@52070900905307060711410661620464.CEL,0.738733645,
@52070900905307060711410661620465.CEL,0.78074315,
@52070900905307060711410661620467.CEL,0.817303686,
@52070900905307060711410661620468.CEL,0.655857056,
@52070900905307060711410661620471.CEL,0.876580654,
@52070900905307060711410661620477.CEL,0.936421333,
@52070900905307060711410661620478.CEL,0.620286155,
@52070900905307060711410661620482.CEL,0.808645832,
@52070900905307060711410661620487.CEL,0.858497166,
@52070900905307060711410661620491.CEL,0.720227622,
@52070900905308060611410661419352.CEL,0.802112722,
@52070900905308060611410661419353.CEL,0.745387329,
@52070900905308060611410661419382.CEL,0.863104386,
@52070900905309060611410661419414.CEL,0.774222287,
@52070900905309060611410661419415.CEL,0.802558388,
@52070900905309060611410661419416.CEL,0.828858888,
@52070900905309060611410661419427.CEL,0.880319437,
@52070900905309060611410661419430.CEL,0.821744143,
@52070900905310060611410661419483.CEL,0.775612465,
@52070900905310060611410661419517.CEL,0.905750022,
@52070900905311060611410661419545.CEL,0.775134832,
@52070900905311060611410661419548.CEL,0.867562358,
@52070900905311060611410661419549.CEL,0.917773865,
@52070900905312060711410661620644.CEL,0.888805159,
@52070900905312060711410661620648.CEL,0.838639144,
@52070900905312060711410661620651.CEL,0.804175847,
@52070900905312060711410661620654.CEL,0.691425938,
@52070900905312060711410661620657.CEL,0.867879861,
@52070900905312060711410661620662.CEL,0.693499716,
@52070900905312060711410661620667.CEL,0.831879526,
@52070900905312060711410661620671.CEL,0.737078221,
@52070900905312060711410661620676.CEL,0.817149439,
@52070900905329053111410586109677.CEL,0.80840856,
@52070900905329053111410586109693.CEL,0.94902043,
@52070900905332053111410586109723.CEL,0.720729708,
@52070900905332053111410586109738.CEL,0.923853853,
@52070900905333053111410586109817.CEL,0.942621272,
@52070900905334053111410586109858.CEL,0.671519021,
@52070900905334053111410586109863.CEL,0.866157471,
@52070900905406060711410661721297.CEL,0.783453325,
@52070900905406060711410661721301.CEL,0.937055666,
@52070900905406060711410661721307.CEL,0.752697294,
@52070900905407060711410661721336.CEL,0.753192259,
@52070900905407060711410661721344.CEL,1.003749708,
@52070900905407060711410661721357.CEL,0.48225341,
@52070900905407060711410661721362.CEL,0.74071821,
@52070900905407060711410661721365.CEL,0.968046431,
@52070900905407060711410661721367.CEL,0.701840279,
@52070900905407060711410661721371.CEL,0.685124185,
@52070900905407060711410661721377.CEL,0.92901608,
@52070900905407060711410661721383.CEL,0.914224889,
@52070900905408060711410661721535.CEL,0.742927845,
@52070900905408060711410661721538.CEL,0.76555699,
@52070900905408060711410661721539.CEL,0.888623101,
@52070900905408060711410661721542.CEL,0.751361183,
@52070900905408060711410661721568.CEL,0.516311047,
@52070900905409060711410661721627.CEL,0.839581743,
@52070900905419060811410662722868.CEL,0.974776715,
@52070900905420060811410662722904.CEL,0.692607154,
@52070900905421060811410662722958.CEL,0.734280043,
@52070900905421060811410662722968.CEL,0.977178652,
@52070900905422060811410662723029.CEL,0.882676855,
@52070900905427060811410673723152.CEL,1.016695476,
@52070900905427060811410673723157.CEL,0.815837389,
@52070900905429060811410673723280.CEL,0.695563113,
@52070900905429060811410673723303.CEL,1.083101595,
@52070900905431060811410673823657.CEL,0.903686174,
@52070900905432060811410673823701.CEL,0.69814731,
@52070900905432060811410673823715.CEL,0.755383712,
@52070900905432060811410673823716.CEL,0.692215773,
@52070900905432060811410673823720.CEL,0.772328753,
@52070900905432060811410673823721.CEL,0.750096842,
@52070900905433060811410673823781.CEL,0.989246353,
@52070900905480050611410471655650.CEL,0.687829449,
@52070900905480050611410471655660.CEL,0.839255869,
@52070900905480050611410471655666.CEL,0.761592171,
@52070900905480050611410471655667.CEL,0.922049654,
@52070900905480050611410471655684.CEL,1.065498605,
@52070900905482050611410471655701.CEL,0.734821844,
@52070900905482050611410471655716.CEL,0.708102169,
@52070900905482050611410471655724.CEL,0.935622079,
@52070900905482050611410471655725.CEL,0.900669173,
@52070900905482050611410471655734.CEL,0.713798488,
@52070900905486050611410471755914.CEL,0.98013281,
@52070900905486050611410471755927.CEL,0.901817841,
@52070900905488050611410471755946.CEL,0.875901462,
@52070900905488050611410471755989.CEL,0.690314537,
@52070900905489050611410471756041.CEL,1.14390737,
@52070900905603053011410585705813.CEL,0.878041329,
@52070900905614053111410585806199.CEL,0.863912771,
@52070900905616053111410585806256.CEL,0.748962667,
@52070900905617053111410585806305.CEL,0.879327908,
@52070900905617053111410585806327.CEL,0.758952145,
@52070900905617053111410585806335.CEL,0.74464676,
@52070900905618053111410585806385.CEL,0.860929695,
@52070900905618053111410585806397.CEL,0.613798846,
@52070900905619053111410585906665.CEL,0.692893644,
@52070900905619053111410585906689.CEL,0.887242589,
@52070900905620053111410585906740.CEL,0.773361408,
@52070900905620053111410585906743.CEL,0.522321935,
@52070900905621053111410585906805.CEL,0.985605174,
@52070900905625053111410586006957.CEL,0.826204322,
@52070900905625053111410586006961.CEL,0.732823949,
@52070900905643053011410585604580.CEL,0.899721805,
@52070900905643053011410585604605.CEL,1.030008042,
@52070900905643053011410585604613.CEL,0.783552767,
@52070900905644053011410585604633.CEL,0.955694623,
@52070900905644053011410585604647.CEL,0.832489441,
@52070900905644053011410585604662.CEL,0.748671679,
@52070900905657053011410585705647.CEL,0.840115812,
@52070900905669060611410661218210.CEL,0.635884588,
@52070900905670060611410661218258.CEL,0.731723186,
@52070900905681060611410661318655.CEL,0.857437191,
@52070900905681060611410661318659.CEL,0.933020194,
@52070900905682060611410661318714.CEL,0.749478073,
@52070900905683060611410661318774.CEL,1.081311056,
@52070900905683060611410661318780.CEL,1.005445521,
@52070900905683060611410661318781.CEL,0.776780836,
@52070900905683060611410661318783.CEL,0.857752748,
@52070900905683060611410661318784.CEL,0.885423611,
@52070900905684060611410661318842.CEL,0.925203265,
@52070900905684060611410661318854.CEL,0.934810389,
@52070900905684060611410661318856.CEL,0.940052623,
@52070900905686060811410673823825.CEL,0.58366907,
@52070900905687060811410673923927.CEL,0.912020141,
@52070900905687060811410673923962.CEL,0.875933872,
@52070900905687060811410673923963.CEL,0.787789764,
@52070900905688060811410673924044.CEL,1.069588126,
@52070900905688060811410673924068.CEL,0.994840027,
@52070900905688060811410673924080.CEL,1.036299268,
@52070900905689060811410673924124.CEL,0.857497459,
@52070900905690060811410673924192.CEL,1.14312478,
@52070900905704060911410674124857.CEL,0.798557064,
@52070900905704060911410674124877.CEL,0.791572604,
@52070900905705060911410674124954.CEL,0.917596981,
@52070900905706060911410674124978.CEL,0.906056828,
@52070900905706060911410674124987.CEL,0.952913354,
@52070900905706060911410674125015.CEL,0.836577845,
@52070900905707060911410674125043.CEL,0.707132526,
@52070900905707060911410674125068.CEL,0.704568482,
@52070900905858061611410745839157.CEL,0.93730947,
@52070900905858061611410745839178.CEL,0.6718172,
@52070900905858061611410745839182.CEL,0.844283377,
@52070900905859061611410745839228.CEL,0.819797157,
@52070900905859061611410745839234.CEL,0.920170644,
@52070900905859061611410745839248.CEL,1.038747355,
@52070900905860061611410745839278.CEL,0.887094029,
@52070900905860061611410745839298.CEL,0.927733053,
@52070900905860061611410745839299.CEL,0.87826411,
@52070900905860061611410745839312.CEL,0.69542947,
@52070900905861061611410745839354.CEL,0.932513945,
@52070900905861061611410745839356.CEL,0.986081608,
@52070900905861061611410745839357.CEL,0.857658805,
@52070900905868061611410745939790.CEL,0.875748906,
@52070900905870061711410746039887.CEL,0.742796688,
@52070900905876061711410746140316.CEL,0.836210449,
@52070900905876061711410746140334.CEL,0.775618381,
@52070900905877061711410746140373.CEL,0.862887831,
@52070900905901061911410746344813.CEL,0.690245478,
@52070900905906061911410746746165.CEL,0.939124526,
@52070900905906061911410746746194.CEL,0.958697508,
@52070900905909061911410746746367.CEL,0.902426806,
@52070900906409063011410840580564.CEL,0.930374662,
@52070900906409063011410840580581.CEL,0.730430952,
@52070900906410063011410840580608.CEL,0.825563602,
@52070900906412070111410840680879.CEL,0.768816289,
@52070900906412070111410840680887.CEL,0.929687138,
@52070900906414070111410840680971.CEL,0.772106547,
@52070900906415070111410840681035.CEL,1.001123583,
@52070900906415070111410840681044.CEL,0.821184943,
@52070900906419070111410840781210.CEL,0.900397679,
@52070900906419070111410840781213.CEL,0.884497155,
@52070900906419070111410840781241.CEL,0.93251784,
@52070900906428070111410840982257.CEL,0.921888121,
@52070900906428070111410840982284.CEL,0.893022837,
@52070900906428070111410840982287.CEL,0.731856865,
@52070900906429070111410840982312.CEL,0.713179059,
@52070900906430070111410840982371.CEL,0.769724017,
@52070900906430070111410840982383.CEL,0.822964759,
@52070900906430070111410840982409.CEL,0.770323374,
@52070900906506070211410841083838.CEL,0.933284611,
@52070900906523070211410841285723.CEL,0.823882992,
@52070900906523070211410841285744.CEL,0.821807876,
@52070900906524070211410841285784.CEL,0.746813437,
@52070900906524070211410841285787.CEL,0.905917172,
@52070900906534070311410841487157.CEL,1.138552354,
@52070900906534070311410841487193.CEL,0.970196128,
@52070900906588061911410746545055.CEL,1.014550639,
@52070900906588061911410746545065.CEL,0.899705958,
@52070900908369090711411361296351.CEL,0.846405066,
@52070900908371090711411361296484.CEL,0.789807789,
@52070900908372090711411361296557.CEL,0.950335117,
@52070900908377090811411361396854.CEL,0.750808151,
@52070900908379090811411361396942.CEL,0.905702515,
@52070900908379090811411361396956.CEL,0.719619612,
@52070900908380090811411361397041.CEL,0.971394582,
@52070900908400090811411361497554.CEL,1.012256415,
@52070900908401090911411361698399.CEL,0.942360659,
@52070900908406090911411361598587.CEL,1.127548313,
@52070900908407090911411361598785.CEL,0.844050437,
@52070900908407090911411361598805.CEL,0.990953273,
@52070900910049111411412086664470.CEL,1.080017424,
@52070900910052111411412086664645.CEL,0.750602774,
@52070900910054111411412086464990.CEL,0.70948143,
@52070900910054111411412086465003.CEL,0.799957269,
@52070900910056111411412086465097.CEL,0.930009369,
@52070900910056111411412086465112.CEL,0.977929067,
@52070900910057111411412086465158.CEL,0.847404116,
